advertiser,keyword,ad_count,avg_days
romance_kz,CollegeVine,1,13
mnogokartin,CollegeVine,1,10
EO Broker,CollegeVine,1,7
,CollegeVine,5,6
Always,CollegeVine,1,5
Twisted Tangle,CollegeVine,1,5
FamilyDeal.ro,CollegeVine,1,3
Crowd Evolution!,CollegeVine,1,2
Retake - AI Photographer,CollegeVine,1,2
serenity,CollegeVine,1,2
Fruit Merge: Watermelon Puzzle,CollegeVine,1,1
"HUAWEI MatePad 11,5 S Планшеті",CollegeVine,1,1
Prosper,CollegeVine,1,1
StrawberryNote,CollegeVine,1,1
TopicBright-110,CollegeVine,1,1
Раздвижная вешалка для брюк,CollegeVine,1,1
Brand name,CollegeVine,1,0
raza.perfume,Crimson Education,1,8
qion.cosmetics,Crimson Education,1,7
romance_kz,Edvoy study abroad,1,13
jtstudy.kz,Edvoy study abroad,2,12
mnogokartin,Edvoy study abroad,1,10
studylink.kz,Edvoy study abroad,1,9
,Edvoy study abroad,7,9
EO Broker,Edvoy study abroad,1,7
Always,Edvoy study abroad,1,5
Geneva Business School,Edvoy study abroad,1,5
Study in the USA,Edvoy study abroad,1,5
Twisted Tangle,Edvoy study abroad,1,5
StudyLink,Edvoy study abroad,2,4
FamilyDeal.ro,Edvoy study abroad,1,3
Promova,Edvoy study abroad,3,3
KaplanPathways,Edvoy study abroad,5,2
Crowd Evolution!,Edvoy study abroad,1,2
Retake - AI Photographer,Edvoy study abroad,1,2
serenity,Edvoy study abroad,1,2
Fruit Merge: Watermelon Puzzle,Edvoy study abroad,1,1
"HUAWEI MatePad 11,5 S Планшеті",Edvoy study abroad,1,1
Logos Education Center,Edvoy study abroad,1,1
Nursing Degree,Edvoy study abroad,1,1
Prosper,Edvoy study abroad,1,1
StrawberryNote,Edvoy study abroad,1,1
TopicBright-110,Edvoy study abroad,1,1
Раздвижная вешалка для брюк,Edvoy study abroad,1,1
Brand name,Edvoy study abroad,1,0
Luma Live Wallpaper,US college application,1,16
Sketch AR,US college application,1,16
AafiSha,US college application,1,15
TikTok,US college application,1,15
romance_kz,US college application,1,13
cursos,US college application,1,11
mnogokartin,US college application,1,10
cyber,US college application,1,8
Drawing Sketch: Trace Anything,US college application,1,7
EO Broker,US college application,1,7
Paint VPN: A New Online World!,US college application,1,7
,US college application,5,6
Cybersecurity Software Development,US college application,1,6
Wallpaper Illustration,US college application,1,6
Always,US college application,1,5
Twisted Tangle,US college application,1,5
"FaceLab: Face Editor, Age Swap",US college application,1,4
FamilyDeal.ro,US college application,1,3
Lucky VPN - Super fast VPN,US college application,1,3
Crowd Evolution!,US college application,1,2
Retake - AI Photographer,US college application,1,2
serenity,US college application,1,2
APP DEVELOPMENT,US college application,1,1
App Development Course,US college application,1,1
Bus Simulator Pro,US college application,1,1
CallerGlimpse,US college application,1,1
Fire Remote: TV Remote Control,US college application,1,1
Fruit Merge: Watermelon Puzzle,US college application,1,1
"HUAWEI MatePad 11,5 S Планшеті",US college application,1,1
Prosper,US college application,1,1
ShowMe,US college application,1,1
StrawberryNote,US college application,1,1
Top Products,US college application,1,1
TopicBright-110,US college application,1,1
YoHo! VPN -  Net Turbo!,US college application,1,1
Раздвижная вешалка для брюк,US college application,1,1
Brand name,US college application,1,0
Daryn.Online,college admissions AI,1,15
Spreadsheets Crafter,college admissions AI,1,15
Meme shorts,college admissions AI,1,13
romance_kz,college admissions AI,1,13
ChillBeatsMusic,college admissions AI,1,10
mnogokartin,college admissions AI,1,10
EO Broker,college admissions AI,1,7
Party in My Dorm,college admissions AI,2,6
,college admissions AI,6,6
Always,college admissions AI,1,5
Geneva Business School,college admissions AI,1,5
ShortTV - Watch Dramas & Shows,college admissions AI,1,5
Twisted Tangle,college admissions AI,1,5
FamilyDeal.ro,college admissions AI,1,3
Crowd Evolution!,college admissions AI,1,2
KaplanPathways,college admissions AI,2,2
Party in my Dorm: College Game,college admissions AI,3,2
Retake - AI Photographer,college admissions AI,1,2
serenity,college admissions AI,1,2
DramaBox,college admissions AI,1,1
Drawing hacks,college admissions AI,1,1
Fruit Merge: Watermelon Puzzle,college admissions AI,1,1
"HUAWEI MatePad 11,5 S Планшеті",college admissions AI,1,1
KalosTV,college admissions AI,1,1
Prosper,college admissions AI,1,1
ReelShort,college admissions AI,1,1
StrawberryNote,college admissions AI,1,1
TopicBright-110,college admissions AI,1,1
Раздвижная вешалка для брюк,college admissions AI,1,1
Brand name,college admissions AI,1,0
Spreadsheets Crafter,college admissions help,1,15
collegehubkz,college admissions help,1,15
weglobal.io,college admissions help,1,15
Meme shorts,college admissions help,1,13
romance_kz,college admissions help,1,13
ChillBeatsMusic,college admissions help,1,10
mnogokartin,college admissions help,1,10
EO Broker,college admissions help,1,7
,college admissions help,9,6
Always,college admissions help,1,5
ShortTV - Watch Dramas & Shows,college admissions help,1,5
Twisted Tangle,college admissions help,1,5
Qadaz Media,college admissions help,1,4
FamilyDeal.ro,college admissions help,1,3
Party in My Dorm,college admissions help,1,3
Crowd Evolution!,college admissions help,1,2
KaplanPathways,college admissions help,2,2
Retake - AI Photographer,college admissions help,1,2
serenity,college admissions help,1,2
DramaBox,college admissions help,1,1
Drawing hacks,college admissions help,1,1
Fruit Merge: Watermelon Puzzle,college admissions help,1,1
"HUAWEI MatePad 11,5 S Планшеті",college admissions help,1,1
KalosTV,college admissions help,1,1
Prosper,college admissions help,1,1
ReelShort,college admissions help,1,1
StrawberryNote,college admissions help,1,1
TopicBright-110,college admissions help,1,1
Раздвижная вешалка для брюк,college admissions help,1,1
Brand name,college admissions help,1,0
collegehubkz,college counselor affordable,2,16
Spreadsheets Crafter,college counselor affordable,1,15
Meme shorts,college counselor affordable,1,13
romance_kz,college counselor affordable,1,13
ChillBeatsMusic,college counselor affordable,1,10
Ulugbek Umarov,college counselor affordable,1,10
mnogokartin,college counselor affordable,1,10
,college counselor affordable,11,9
EO Broker,college counselor affordable,1,7
Always,college counselor affordable,1,5
ShortTV - Watch Dramas & Shows,college counselor affordable,1,5
Twisted Tangle,college counselor affordable,1,5
FamilyDeal.ro,college counselor affordable,1,3
Crowd Evolution!,college counselor affordable,1,2
KaplanPathways,college counselor affordable,2,2
Retake - AI Photographer,college counselor affordable,1,2
serenity,college counselor affordable,1,2
DramaBox,college counselor affordable,1,1
DramaBox - Stream Drama Shorts,college counselor affordable,1,1
Fruit Merge: Watermelon Puzzle,college counselor affordable,1,1
"HUAWEI MatePad 11,5 S Планшеті",college counselor affordable,1,1
KalosTV,college counselor affordable,1,1
Prosper,college counselor affordable,1,1
ReelShort,college counselor affordable,1,1
StrawberryNote,college counselor affordable,1,1
TopicBright-110,college counselor affordable,1,1
Раздвижная вешалка для брюк,college counselor affordable,1,1
Brand name,college counselor affordable,1,0
university23,how to apply US university,1,17
romance_kz,how to apply US university,1,13
Urpaq,how to apply US university,1,11
mnogokartin,how to apply US university,1,10
EO Broker,how to apply US university,1,7
adobecreativecloud,how to apply US university,1,7
,how to apply US university,5,6
Always,how to apply US university,1,5
Twisted Tangle,how to apply US university,1,5
al_kuat.kz,how to apply US university,2,4
Emirates,how to apply US university,1,4
James Cook University,how to apply US university,1,4
FamilyDeal.ro,how to apply US university,1,3
Queen Mary University of London,how to apply US university,1,3
caspian.university,how to apply US university,1,3
Crowd Evolution!,how to apply US university,1,2
KaplanPathways,how to apply US university,4,2
Retake - AI Photographer,how to apply US university,1,2
Roofing_jobs,how to apply US university,1,2
serenity,how to apply US university,1,2
اعمل بالخارج,how to apply US university,1,2
Employment,how to apply US university,1,1
Fruit Merge: Watermelon Puzzle,how to apply US university,1,1
"HUAWEI MatePad 11,5 S Планшеті",how to apply US university,1,1
KIMEP University,how to apply US university,1,1
Prosper,how to apply US university,1,1
Search Wearhouse Job,how to apply US university,1,1
StrawberryNote,how to apply US university,1,1
TopicBright-110,how to apply US university,1,1
Warehouse Jobs,how to apply US university,2,1
Раздвижная вешалка для брюк,how to apply US university,1,1
Brand name,how to apply US university,1,0
university23,international student university guidance,1,17
romance_kz,international student university guidance,1,13
raza.perfume,international student university guidance,1,11
mnogokartin,international student university guidance,1,10
SHIPA MED,international student university guidance,1,9
,international student university guidance,6,8
EO Broker,international student university guidance,1,7
qion.cosmetics,international student university guidance,1,7
qion_collagenn,international student university guidance,1,7
"""BІOГЛАЗ"" opтaлығы",international student university guidance,2,6
collamin_kz,international student university guidance,2,6
Always,international student university guidance,1,5
Twisted Tangle,international student university guidance,1,5
James Cook University,international student university guidance,1,4
EWA English Language Learning,international student university guidance,1,3
FamilyDeal.ro,international student university guidance,1,3
caspian.university,international student university guidance,1,3
Crowd Evolution!,international student university guidance,1,2
Doro.Kazakhstan,international student university guidance,1,2
KaplanPathways,international student university guidance,4,2
Nurmarket Group,international student university guidance,1,2
Retake - AI Photographer,international student university guidance,1,2
serenity,international student university guidance,1,2
Fruit Merge: Watermelon Puzzle,international student university guidance,1,1
"HUAWEI MatePad 11,5 S Планшеті",international student university guidance,1,1
KIMEP University,international student university guidance,1,1
Prosper,international student university guidance,1,1
StrawberryNote,international student university guidance,1,1
TopicBright-110,international student university guidance,1,1
Раздвижная вешалка для брюк,international student university guidance,1,1
Brand name,international student university guidance,1,0
romance_kz,study abroad international student,1,13
mnogokartin,study abroad international student,1,10
EO Broker,study abroad international student,1,7
,study abroad international student,5,6
Always,study abroad international student,1,5
Twisted Tangle,study abroad international student,1,5
FamilyDeal.ro,study abroad international student,1,3
Crowd Evolution!,study abroad international student,1,2
Retake - AI Photographer,study abroad international student,1,2
serenity,study abroad international student,1,2
Fruit Merge: Watermelon Puzzle,study abroad international student,1,1
"HUAWEI MatePad 11,5 S Планшеті",study abroad international student,1,1
Prosper,study abroad international student,1,1
StrawberryNote,study abroad international student,1,1
TopicBright-110,study abroad international student,1,1
Раздвижная вешалка для брюк,study abroad international student,1,1
Brand name,study abroad international student,1,0
romance_kz,study abroad scholarship,1,13
mnogokartin,study abroad scholarship,1,10
studylink.kz,study abroad scholarship,1,9
,study abroad scholarship,7,9
EO Broker,study abroad scholarship,1,7
Always,study abroad scholarship,1,5
Geneva Business School,study abroad scholarship,1,5
Study in the USA,study abroad scholarship,1,5
Twisted Tangle,study abroad scholarship,1,5
StudyLink,study abroad scholarship,2,4
FamilyDeal.ro,study abroad scholarship,1,3
Promova,study abroad scholarship,4,3
KaplanPathways,study abroad scholarship,5,2
Crowd Evolution!,study abroad scholarship,1,2
Retake - AI Photographer,study abroad scholarship,1,2
Words Booster: Learn Languages,study abroad scholarship,1,2
serenity,study abroad scholarship,1,2
Fruit Merge: Watermelon Puzzle,study abroad scholarship,1,1
"HUAWEI MatePad 11,5 S Планшеті",study abroad scholarship,1,1
Logos Education Center,study abroad scholarship,1,1
Nursing Degree,study abroad scholarship,1,1
Prosper,study abroad scholarship,1,1
StrawberryNote,study abroad scholarship,1,1
TopicBright-110,study abroad scholarship,1,1
Раздвижная вешалка для брюк,study abroad scholarship,1,1
Brand name,study abroad scholarship,1,0
