keyword,ad_count,avg_days,competitors,top_ad
Crimson Education,2,8,"qion.cosmetics, raza.perfume","Өнім жайлы сілтеме арқылы өтіп біле аласыз         
                        education for university"
college counselor affordable,40,6,", Always, Brand name, ChillBeatsMusic, Crowd Evolution!, DramaBox, DramaBox - Stream Drama Shorts, EO Broker, FamilyDeal.ro, Fruit Merge: Watermelon Puzzle, HUAWEI MatePad 11,5 S Планшеті, KalosTV, KaplanPathways, Meme shorts, Prosper, ReelShort, Retake - AI Photographer, ShortTV - Watch Dramas & Shows, Spreadsheets Crafter, StrawberryNote, TopicBright-110, Twisted Tangle, Ulugbek Umarov, collegehubkz, mnogokartin, romance_kz, serenity, Раздвижная вешалка для брюк",Free download
college admissions help,39,5,", Always, Brand name, ChillBeatsMusic, Crowd Evolution!, DramaBox, Drawing hacks, EO Broker, FamilyDeal.ro, Fruit Merge: Watermelon Puzzle, HUAWEI MatePad 11,5 S Планшеті, KalosTV, KaplanPathways, Meme shorts, Party in My Dorm, Prosper, Qadaz Media, ReelShort, Retake - AI Photographer, ShortTV - Watch Dramas & Shows, Spreadsheets Crafter, StrawberryNote, TopicBright-110, Twisted Tangle, collegehubkz, mnogokartin, romance_kz, serenity, weglobal.io, Раздвижная вешалка для брюк",Free download
US college application,41,5,", APP DEVELOPMENT, AafiSha, Always, App Development Course, Brand name, Bus Simulator Pro, CallerGlimpse, Crowd Evolution!, Cybersecurity Software Development, Drawing Sketch: Trace Anything, EO Broker, FaceLab: Face Editor, Age Swap, FamilyDeal.ro, Fire Remote: TV Remote Control, Fruit Merge: Watermelon Puzzle, HUAWEI MatePad 11,5 S Планшеті, Lucky VPN - Super fast VPN, Luma Live Wallpaper, Paint VPN: A New Online World!, Prosper, Retake - AI Photographer, ShowMe, Sketch AR, StrawberryNote, TikTok, Top Products, TopicBright-110, Twisted Tangle, Wallpaper Illustration, YoHo! VPN -  Net Turbo!, cursos, cyber, mnogokartin, romance_kz, serenity, Раздвижная вешалка для брюк",Free download
international student university guidance,41,5,", ""BІOГЛАЗ"" opтaлығы, Always, Brand name, Crowd Evolution!, Doro.Kazakhstan, EO Broker, EWA English Language Learning, FamilyDeal.ro, Fruit Merge: Watermelon Puzzle, HUAWEI MatePad 11,5 S Планшеті, James Cook University, KIMEP University, KaplanPathways, Nurmarket Group, Prosper, Retake - AI Photographer, SHIPA MED, StrawberryNote, TopicBright-110, Twisted Tangle, caspian.university, collamin_kz, mnogokartin, qion.cosmetics, qion_collagenn, raza.perfume, romance_kz, serenity, university23, Раздвижная вешалка для брюк",Free download
Edvoy study abroad,40,5,", Always, Brand name, Crowd Evolution!, EO Broker, FamilyDeal.ro, Fruit Merge: Watermelon Puzzle, Geneva Business School, HUAWEI MatePad 11,5 S Планшеті, KaplanPathways, Logos Education Center, Nursing Degree, Promova, Prosper, Retake - AI Photographer, StrawberryNote, Study in the USA, StudyLink, TopicBright-110, Twisted Tangle, jtstudy.kz, mnogokartin, romance_kz, serenity, studylink.kz, Раздвижная вешалка для брюк",Free download
college admissions AI,39,5,", Always, Brand name, ChillBeatsMusic, Crowd Evolution!, Daryn.Online, DramaBox, Drawing hacks, EO Broker, FamilyDeal.ro, Fruit Merge: Watermelon Puzzle, Geneva Business School, HUAWEI MatePad 11,5 S Планшеті, KalosTV, KaplanPathways, Meme shorts, Party in My Dorm, Party in my Dorm: College Game, Prosper, ReelShort, Retake - AI Photographer, ShortTV - Watch Dramas & Shows, Spreadsheets Crafter, StrawberryNote, TopicBright-110, Twisted Tangle, mnogokartin, romance_kz, serenity, Раздвижная вешалка для брюк",Free download
study abroad scholarship,40,4,", Always, Brand name, Crowd Evolution!, EO Broker, FamilyDeal.ro, Fruit Merge: Watermelon Puzzle, Geneva Business School, HUAWEI MatePad 11,5 S Планшеті, KaplanPathways, Logos Education Center, Nursing Degree, Promova, Prosper, Retake - AI Photographer, StrawberryNote, Study in the USA, StudyLink, TopicBright-110, Twisted Tangle, Words Booster: Learn Languages, mnogokartin, romance_kz, serenity, studylink.kz, Раздвижная вешалка для брюк",Free download
CollegeVine,21,4,", Always, Brand name, Crowd Evolution!, EO Broker, FamilyDeal.ro, Fruit Merge: Watermelon Puzzle, HUAWEI MatePad 11,5 S Планшеті, Prosper, Retake - AI Photographer, StrawberryNote, TopicBright-110, Twisted Tangle, mnogokartin, romance_kz, serenity, Раздвижная вешалка для брюк",Free download
study abroad international student,21,4,", Always, Brand name, Crowd Evolution!, EO Broker, FamilyDeal.ro, Fruit Merge: Watermelon Puzzle, HUAWEI MatePad 11,5 S Планшеті, Prosper, Retake - AI Photographer, StrawberryNote, TopicBright-110, Twisted Tangle, mnogokartin, romance_kz, serenity, Раздвижная вешалка для брюк",Free download
how to apply US university,41,4,", Always, Brand name, Crowd Evolution!, EO Broker, Emirates, Employment, FamilyDeal.ro, Fruit Merge: Watermelon Puzzle, HUAWEI MatePad 11,5 S Планшеті, James Cook University, KIMEP University, KaplanPathways, Prosper, Queen Mary University of London, Retake - AI Photographer, Roofing_jobs, Search Wearhouse Job, StrawberryNote, TopicBright-110, Twisted Tangle, Urpaq, Warehouse Jobs, adobecreativecloud, al_kuat.kz, caspian.university, mnogokartin, romance_kz, serenity, university23, Раздвижная вешалка для брюк, اعمل بالخارج",Free download
